{
   "a": 0.08130939809926083,
   "b": 0.013727560718057022,
   "c": 0.022175290390707498,
   "d": 0.046462513199577615,
   "e": 0.12988384371700107,
   "f": 0.028511087645195353,
   "g": 0.024287222808870117,
   "h": 0.0665258711721225,
   "i": 0.07180570221752904,
   "j": 0,
   "k": 0.0031678986272439284,
   "l": 0.03590285110876452,
   "m": 0.02006335797254488,
   "n": 0.08553326293558607,
   "o": 0.06335797254487856,
   "p": 0.007391763463569166,
   "q": 0,
   "r": 0.06969376979936642,
   "s": 0.05807814149947202,
   "t": 0.09503695881731784,
   "u": 0.024287222808870117,
   "v": 0.008447729672650475,
   "w": 0.024287222808870117,
   "x": 0.0021119324181626186,
   "y": 0.01583949313621964,
   "z": 0
}